name,class,scientific_axioms,all_axioms
RGFlow.C_mono_pos,FOUNDATION_ONLY,,Classical.choice;Quot.sound;propext
RGFlow.Ioc_mem_nhdsWithin_Ioi_zero,FOUNDATION_ONLY,,Classical.choice;Quot.sound;propext
RGFlow.asymptotic_consistent_with_lipschitz,FOUNDATION_ONLY,,Classical.choice;Quot.sound;propext
RGFlow.beta_negativity,SCIENTIFIC_AXIOM_DEPENDENT,RGFlow.beta,Classical.choice;Quot.sound;RGFlow.beta;propext
RGFlow.bound_from_monotonicity_concept,FOUNDATION_ONLY,,
RGFlow.bound_preservation,FOUNDATION_ONLY,,Classical.choice;Quot.sound;propext
RGFlow.c2_is_negative,SCIENTIFIC_AXIOM_DEPENDENT,RGFlow.c2_negative_axiom,Classical.choice;Quot.sound;RGFlow.c2_negative_axiom;propext
RGFlow.complete_characterization,SCIENTIFIC_AXIOM_DEPENDENT,RGFlow.Delta0;RGFlow.Delta0_at_gmax;RGFlow.Delta0_at_gmin;RGFlow.continuum_lipschitz_in_g;RGFlow.continuum_monotonic_in_g,Classical.choice;Quot.sound;RGFlow.Delta0;RGFlow.Delta0_at_gmax;RGFlow.Delta0_at_gmin;RGFlow.continuum_lipschitz_in_g;RGFlow.continuum_monotonic_in_g;propext
RGFlow.continuum_complete_picture,SCIENTIFIC_AXIOM_DEPENDENT,RGFlow.Delta0;RGFlow.continuum_gap_quantitative_separation;RGFlow.mass_gap_lower_bound_continuum,Classical.choice;Quot.sound;RGFlow.Delta0;RGFlow.continuum_gap_quantitative_separation;RGFlow.mass_gap_lower_bound_continuum;propext
RGFlow.continuum_diff_eq_zero,SCIENTIFIC_AXIOM_DEPENDENT,RGFlow.Delta0,Classical.choice;Quot.sound;RGFlow.Delta0;propext
RGFlow.continuum_gap_diff_nonneg,SCIENTIFIC_AXIOM_DEPENDENT,RGFlow.Delta0;RGFlow.mass_gap;RGFlow.mass_gap_monotonic_in_g;RGFlow.mass_gap_tendsto_continuum,Classical.choice;Quot.sound;RGFlow.Delta0;RGFlow.mass_gap;RGFlow.mass_gap_monotonic_in_g;RGFlow.mass_gap_tendsto_continuum;propext
RGFlow.continuum_gap_injective,SCIENTIFIC_AXIOM_DEPENDENT,RGFlow.Delta0;RGFlow.continuum_gap_quantitative_separation,Classical.choice;Quot.sound;RGFlow.Delta0;RGFlow.continuum_gap_quantitative_separation;propext
RGFlow.continuum_gap_positive,SCIENTIFIC_AXIOM_DEPENDENT,RGFlow.Delta0_positive_axiom,Classical.choice;Quot.sound;RGFlow.Delta0_positive_axiom;propext
RGFlow.continuum_gap_positive_and_lipschitz,SCIENTIFIC_AXIOM_DEPENDENT,RGFlow.Delta0;RGFlow.mass_gap;RGFlow.mass_gap_lipschitz_in_g;RGFlow.mass_gap_lower_bound_continuum;RGFlow.mass_gap_tendsto_continuum,Classical.choice;Quot.sound;RGFlow.Delta0;RGFlow.mass_gap;RGFlow.mass_gap_lipschitz_in_g;RGFlow.mass_gap_lower_bound_continuum;RGFlow.mass_gap_tendsto_continuum;propext
RGFlow.continuum_gap_quantitative_bound,SCIENTIFIC_AXIOM_DEPENDENT,RGFlow.Delta0;RGFlow.continuum_gap_quantitative_separation,Classical.choice;Quot.sound;RGFlow.Delta0;RGFlow.continuum_gap_quantitative_separation;propext
RGFlow.continuum_gap_strictly_decreasing,SCIENTIFIC_AXIOM_DEPENDENT,RGFlow.Delta0;RGFlow.continuum_gap_quantitative_separation,Classical.choice;Quot.sound;RGFlow.Delta0;RGFlow.continuum_gap_quantitative_separation;propext
RGFlow.continuum_gap_well_defined,FOUNDATION_ONLY,,Classical.choice;Quot.sound;propext
RGFlow.continuum_limit_exists,SCIENTIFIC_AXIOM_DEPENDENT,RGFlow.continuum_limit_exists_aux,Classical.choice;Quot.sound;RGFlow.continuum_limit_exists_aux;propext
RGFlow.continuum_limit_exists_thm10,SCIENTIFIC_AXIOM_DEPENDENT,RGFlow.mass_gap,Classical.choice;Quot.sound;RGFlow.mass_gap;propext
RGFlow.continuum_limit_from_expansion,FOUNDATION_ONLY,,Classical.choice;Quot.sound;propext
RGFlow.continuum_limit_is_Delta0,SCIENTIFIC_AXIOM_DEPENDENT,RGFlow.mass_gap,Classical.choice;Quot.sound;RGFlow.mass_gap;propext
RGFlow.continuum_limit_unique,SCIENTIFIC_AXIOM_DEPENDENT,RGFlow.limit_unique_aux;RGFlow.mass_gap,Classical.choice;Quot.sound;RGFlow.limit_unique_aux;RGFlow.mass_gap;propext
RGFlow.continuum_limit_well_defined,SCIENTIFIC_AXIOM_DEPENDENT,RGFlow.Delta0;RGFlow.mass_gap_A;RGFlow.mass_gap_A_tendsto,Classical.choice;Quot.sound;RGFlow.Delta0;RGFlow.mass_gap_A;RGFlow.mass_gap_A_tendsto;propext
RGFlow.continuum_lipschitz_in_g,SCIENTIFIC_AXIOM_DEPENDENT,RGFlow.Delta0;RGFlow.mass_gap;RGFlow.mass_gap_lipschitz_in_g;RGFlow.mass_gap_tendsto_continuum,Classical.choice;Quot.sound;RGFlow.Delta0;RGFlow.mass_gap;RGFlow.mass_gap_lipschitz_in_g;RGFlow.mass_gap_tendsto_continuum;propext
RGFlow.continuum_mass_gap_continuous_in_g,SCIENTIFIC_AXIOM_DEPENDENT,RGFlow.Delta0;RGFlow.mass_gap;RGFlow.mass_gap_lipschitz_in_g;RGFlow.mass_gap_tendsto_continuum,Classical.choice;Quot.sound;RGFlow.Delta0;RGFlow.mass_gap;RGFlow.mass_gap_lipschitz_in_g;RGFlow.mass_gap_tendsto_continuum;propext
RGFlow.continuum_mass_gap_lower_bound,SCIENTIFIC_AXIOM_DEPENDENT,RGFlow.Delta0;RGFlow.mass_gap;RGFlow.mass_gap_lower_bound;RGFlow.mass_gap_tendsto_continuum,Classical.choice;Quot.sound;RGFlow.Delta0;RGFlow.mass_gap;RGFlow.mass_gap_lower_bound;RGFlow.mass_gap_tendsto_continuum;propext
RGFlow.continuum_mass_gap_ne_zero,SCIENTIFIC_AXIOM_DEPENDENT,RGFlow.Delta0;RGFlow.mass_gap;RGFlow.mass_gap_lower_bound;RGFlow.mass_gap_tendsto_continuum,Classical.choice;Quot.sound;RGFlow.Delta0;RGFlow.mass_gap;RGFlow.mass_gap_lower_bound;RGFlow.mass_gap_tendsto_continuum;propext
RGFlow.continuum_mass_gap_positive,SCIENTIFIC_AXIOM_DEPENDENT,RGFlow.Delta0;RGFlow.mass_gap;RGFlow.mass_gap_lower_bound;RGFlow.mass_gap_tendsto_continuum,Classical.choice;Quot.sound;RGFlow.Delta0;RGFlow.mass_gap;RGFlow.mass_gap_lower_bound;RGFlow.mass_gap_tendsto_continuum;propext
RGFlow.continuum_monotonic_in_g,SCIENTIFIC_AXIOM_DEPENDENT,RGFlow.Delta0;RGFlow.continuum_gap_quantitative_separation,Classical.choice;Quot.sound;RGFlow.Delta0;RGFlow.continuum_gap_quantitative_separation;propext
RGFlow.continuum_smoother_than_lattice,FOUNDATION_ONLY,,Classical.choice;Quot.sound;propext
RGFlow.coupling_bounded_above,SCIENTIFIC_AXIOM_DEPENDENT,RGFlow.initial_condition,Classical.choice;Quot.sound;RGFlow.initial_condition;propext
RGFlow.coupling_decreases,SCIENTIFIC_AXIOM_DEPENDENT,RGFlow.initial_condition,Classical.choice;Quot.sound;RGFlow.initial_condition;propext
RGFlow.coupling_decreases_from_reference,SCIENTIFIC_AXIOM_DEPENDENT,RGFlow.coupling_decrease_from_ref,Classical.choice;Quot.sound;RGFlow.coupling_decrease_from_ref;propext
RGFlow.coupling_stays_bounded,SCIENTIFIC_AXIOM_DEPENDENT,RGFlow.coupling_stays_bounded_aux,Classical.choice;Quot.sound;RGFlow.coupling_stays_bounded_aux;propext
RGFlow.extremes_at_endpoints,SCIENTIFIC_AXIOM_DEPENDENT,RGFlow.Delta0;RGFlow.continuum_monotonic_in_g,Classical.choice;Quot.sound;RGFlow.Delta0;RGFlow.continuum_monotonic_in_g;propext
RGFlow.g0_positive,FOUNDATION_ONLY,,Classical.choice;Quot.sound;propext
RGFlow.gap_bounded_across_region,SCIENTIFIC_AXIOM_DEPENDENT,RGFlow.gap_bounded_aux;RGFlow.mass_gap,Classical.choice;Quot.sound;RGFlow.gap_bounded_aux;RGFlow.mass_gap;propext
RGFlow.gap_change_full_range,SCIENTIFIC_AXIOM_DEPENDENT,RGFlow.gap_change_full_range_aux;RGFlow.mass_gap,Classical.choice;Quot.sound;RGFlow.gap_change_full_range_aux;RGFlow.mass_gap;propext
RGFlow.gap_diff_tendsto,SCIENTIFIC_AXIOM_DEPENDENT,RGFlow.Delta0;RGFlow.mass_gap;RGFlow.mass_gap_tendsto_continuum,Classical.choice;Quot.sound;RGFlow.Delta0;RGFlow.mass_gap;RGFlow.mass_gap_tendsto_continuum;propext
RGFlow.gap_lower_bound_positive,FOUNDATION_ONLY,,Classical.choice;Quot.sound;propext
RGFlow.gap_never_vanishes,SCIENTIFIC_AXIOM_DEPENDENT,RGFlow.mass_gap,Classical.choice;Quot.sound;RGFlow.mass_gap;propext
RGFlow.gap_stable_under_refinement,SCIENTIFIC_AXIOM_DEPENDENT,RGFlow.gap_stable_aux;RGFlow.mass_gap,Classical.choice;Quot.sound;RGFlow.gap_stable_aux;RGFlow.mass_gap;propext
RGFlow.gemini_all_positive,SCIENTIFIC_AXIOM_DEPENDENT,RGFlow.Delta0,Classical.choice;Quot.sound;RGFlow.Delta0;propext
RGFlow.gemini_amplitude_positive,FOUNDATION_ONLY,,Classical.choice;Quot.sound;propext
RGFlow.gemini_continuum_smoother_than_lattice,FOUNDATION_ONLY,,Classical.choice;Quot.sound;propext
RGFlow.gemini_diff_well_below_target,FOUNDATION_ONLY,,Classical.choice;Quot.sound;propext
RGFlow.gemini_min_gap_positive,SCIENTIFIC_AXIOM_DEPENDENT,RGFlow.Delta0,Classical.choice;Quot.sound;RGFlow.Delta0;propext
RGFlow.gemini_scheme_agreement_trivial,SCIENTIFIC_AXIOM_DEPENDENT,RGFlow.Delta0,Classical.choice;Quot.sound;RGFlow.Delta0;propext
RGFlow.gemini_total_gap_positive,SCIENTIFIC_AXIOM_DEPENDENT,RGFlow.Delta0,Classical.choice;Quot.sound;RGFlow.Delta0;propext
RGFlow.lattice_gap_diff_eventually_pos,SCIENTIFIC_AXIOM_DEPENDENT,RGFlow.mass_gap;RGFlow.mass_gap_monotonic_in_g,Classical.choice;Quot.sound;RGFlow.mass_gap;RGFlow.mass_gap_monotonic_in_g;propext
RGFlow.lipschitz_L_a_pos,FOUNDATION_ONLY,,Classical.choice;Quot.sound;propext
RGFlow.lipschitz_L_pos,FOUNDATION_ONLY,,Classical.choice;Quot.sound;propext
RGFlow.lipschitz_bound_eventually,SCIENTIFIC_AXIOM_DEPENDENT,RGFlow.mass_gap;RGFlow.mass_gap_lipschitz_in_g,Classical.choice;Quot.sound;RGFlow.mass_gap;RGFlow.mass_gap_lipschitz_in_g;propext
RGFlow.lower_bound_from_monotonicity,SCIENTIFIC_AXIOM_DEPENDENT,RGFlow.Delta0;RGFlow.continuum_monotonic_in_g,Classical.choice;Quot.sound;RGFlow.Delta0;RGFlow.continuum_monotonic_in_g;propext
RGFlow.mass_gap_abs_diff_tendsto,SCIENTIFIC_AXIOM_DEPENDENT,RGFlow.Delta0;RGFlow.mass_gap;RGFlow.mass_gap_tendsto_continuum,Classical.choice;Quot.sound;RGFlow.Delta0;RGFlow.mass_gap;RGFlow.mass_gap_tendsto_continuum;propext
RGFlow.mass_gap_amplitude,SCIENTIFIC_AXIOM_DEPENDENT,RGFlow.Delta0;RGFlow.Delta0_at_gmax;RGFlow.Delta0_at_gmin,Classical.choice;Quot.sound;RGFlow.Delta0;RGFlow.Delta0_at_gmax;RGFlow.Delta0_at_gmin;propext
RGFlow.mass_gap_asymptotic_in_a,SCIENTIFIC_AXIOM_DEPENDENT,RGFlow.expansion_form;RGFlow.mass_gap,Classical.choice;Quot.sound;RGFlow.expansion_form;RGFlow.mass_gap;propext
RGFlow.mass_gap_continuous,SCIENTIFIC_AXIOM_DEPENDENT,RGFlow.continuity_from_lipschitz;RGFlow.mass_gap,Classical.choice;Quot.sound;RGFlow.continuity_from_lipschitz;RGFlow.mass_gap;propext
RGFlow.mass_gap_diff_tendsto,SCIENTIFIC_AXIOM_DEPENDENT,RGFlow.Delta0;RGFlow.mass_gap;RGFlow.mass_gap_tendsto_continuum,Classical.choice;Quot.sound;RGFlow.Delta0;RGFlow.mass_gap;RGFlow.mass_gap_tendsto_continuum;propext
RGFlow.mass_gap_domesticated,FOUNDATION_ONLY,,Classical.choice;Quot.sound;propext
RGFlow.mass_gap_eventually_ge_bound,SCIENTIFIC_AXIOM_DEPENDENT,RGFlow.mass_gap;RGFlow.mass_gap_lower_bound,Classical.choice;Quot.sound;RGFlow.mass_gap;RGFlow.mass_gap_lower_bound;propext
RGFlow.mass_gap_is_physical_observable,SCIENTIFIC_AXIOM_DEPENDENT,RGFlow.Delta0;RGFlow.mass_gap_A;RGFlow.mass_gap_A_tendsto;RGFlow.mass_gap_B,Classical.choice;Quot.sound;RGFlow.Delta0;RGFlow.mass_gap_A;RGFlow.mass_gap_A_tendsto;RGFlow.mass_gap_B;propext
RGFlow.mass_gap_joint_lipschitz_L1,SCIENTIFIC_AXIOM_DEPENDENT,RGFlow.mass_gap,Classical.choice;Quot.sound;RGFlow.mass_gap;propext
RGFlow.mass_gap_jointly_lipschitz,SCIENTIFIC_AXIOM_DEPENDENT,RGFlow.mass_gap,Classical.choice;Quot.sound;RGFlow.mass_gap;propext
RGFlow.mass_gap_lipschitz_continuous,SCIENTIFIC_AXIOM_DEPENDENT,RGFlow.mass_gap,Classical.choice;Quot.sound;RGFlow.mass_gap;propext
RGFlow.mass_gap_lipschitz_in_a,SCIENTIFIC_AXIOM_DEPENDENT,RGFlow.mass_gap,Classical.choice;Quot.sound;RGFlow.mass_gap;propext
RGFlow.mass_gap_monotone_in_g,SCIENTIFIC_AXIOM_DEPENDENT,RGFlow.mass_gap,Classical.choice;Quot.sound;RGFlow.mass_gap;propext
RGFlow.mass_gap_never_vanishes,SCIENTIFIC_AXIOM_DEPENDENT,RGFlow.Delta0;RGFlow.Delta0_at_gmax;RGFlow.Delta0_at_gmin;RGFlow.continuum_monotonic_in_g,Classical.choice;Quot.sound;RGFlow.Delta0;RGFlow.Delta0_at_gmax;RGFlow.Delta0_at_gmin;RGFlow.continuum_monotonic_in_g;propext
RGFlow.mass_gap_persistence,SCIENTIFIC_AXIOM_DEPENDENT,RGFlow.mass_gap,Classical.choice;Quot.sound;RGFlow.mass_gap;propext
RGFlow.mass_gap_quantitative_monotonicity,SCIENTIFIC_AXIOM_DEPENDENT,RGFlow.mass_gap,Classical.choice;Quot.sound;RGFlow.mass_gap;propext
RGFlow.mass_gap_strictly_positive,SCIENTIFIC_AXIOM_DEPENDENT,RGFlow.mass_gap,Classical.choice;Quot.sound;RGFlow.mass_gap;propext
RGFlow.mass_gap_strictly_positive_strong,SCIENTIFIC_AXIOM_DEPENDENT,RGFlow.Delta0;RGFlow.Delta0_at_gmax;RGFlow.Delta0_at_gmin;RGFlow.continuum_monotonic_in_g,Classical.choice;Quot.sound;RGFlow.Delta0;RGFlow.Delta0_at_gmax;RGFlow.Delta0_at_gmin;RGFlow.continuum_monotonic_in_g;propext
RGFlow.mass_gap_two_sided_bound,SCIENTIFIC_AXIOM_DEPENDENT,RGFlow.mass_gap;RGFlow.two_sided_upper_bound,Classical.choice;Quot.sound;RGFlow.mass_gap;RGFlow.two_sided_upper_bound;propext
RGFlow.mass_gap_uniform_bound_at_g0,SCIENTIFIC_AXIOM_DEPENDENT,RGFlow.mass_gap,Classical.choice;Quot.sound;RGFlow.mass_gap;propext
RGFlow.monotonicity_from_beta_negativity_concept,FOUNDATION_ONLY,,
RGFlow.no_constant_regions,FOUNDATION_ONLY,,Classical.choice;Quot.sound;propext
RGFlow.no_landau_pole,SCIENTIFIC_AXIOM_DEPENDENT,RGFlow.coupling_stays_bounded_aux,Classical.choice;Quot.sound;RGFlow.coupling_stays_bounded_aux;propext
RGFlow.no_plateaus,SCIENTIFIC_AXIOM_DEPENDENT,RGFlow.mass_gap;RGFlow.no_plateaus_aux,Classical.choice;Quot.sound;RGFlow.mass_gap;RGFlow.no_plateaus_aux;propext
RGFlow.phase3_foundation,FOUNDATION_ONLY,,Classical.choice;Quot.sound;propext
RGFlow.rg_invariance,SCIENTIFIC_AXIOM_DEPENDENT,RGFlow.Delta0,Classical.choice;Quot.sound;RGFlow.Delta0;propext
RGFlow.rg_invariance_strong,SCIENTIFIC_AXIOM_DEPENDENT,RGFlow.mass_gap_A;RGFlow.mass_gap_B,Classical.choice;Quot.sound;RGFlow.mass_gap_A;RGFlow.mass_gap_B;propext
RGFlow.running_coupling_monotonicity,FOUNDATION_ONLY,,Classical.choice;Quot.sound;propext
RGFlow.scheme_diff_tendsto_zero,SCIENTIFIC_AXIOM_DEPENDENT,RGFlow.Delta0;RGFlow.mass_gap_A;RGFlow.mass_gap_A_tendsto;RGFlow.mass_gap_B;RGFlow.mass_gap_B_tendsto,Classical.choice;Quot.sound;RGFlow.Delta0;RGFlow.mass_gap_A;RGFlow.mass_gap_A_tendsto;RGFlow.mass_gap_B;RGFlow.mass_gap_B_tendsto;propext
RGFlow.scheme_diff_within_tolerance,SCIENTIFIC_AXIOM_DEPENDENT,RGFlow.Delta0,Classical.choice;Quot.sound;RGFlow.Delta0;propext
RGFlow.theorem10_perfect,FOUNDATION_ONLY,,Classical.choice;Quot.sound;propext
RGFlow.theorem10_positive,FOUNDATION_ONLY,,Classical.choice;Quot.sound;propext
RGFlow.theorem2_extensive_tests,FOUNDATION_ONLY,,Classical.choice;Quot.sound;propext
RGFlow.theorem2_validated,FOUNDATION_ONLY,,Classical.choice;Quot.sound;propext
RGFlow.theorem3_fast,FOUNDATION_ONLY,,Classical.choice;Quot.sound;propext
RGFlow.theorem4_has_margin,FOUNDATION_ONLY,,Classical.choice;Quot.sound;propext
RGFlow.theorem4_validated,FOUNDATION_ONLY,,Classical.choice;Quot.sound;propext
RGFlow.theorem5_smooth,FOUNDATION_ONLY,,Classical.choice;Quot.sound;propext
RGFlow.theorem5_tight,FOUNDATION_ONLY,,Classical.choice;Quot.sound;propext
RGFlow.theorem5_validated,FOUNDATION_ONLY,,Classical.choice;Quot.sound;propext
RGFlow.theorem6_12x_margin,FOUNDATION_ONLY,,Classical.choice;Quot.sound;propext
RGFlow.theorem6_bunker_nuclear,FOUNDATION_ONLY,,Classical.choice;Quot.sound;propext
RGFlow.theorem6_validated,FOUNDATION_ONLY,,Classical.choice;Quot.sound;propext
RGFlow.theorem7_safe,FOUNDATION_ONLY,,Classical.choice;Quot.sound;propext
RGFlow.theorem7_validated,FOUNDATION_ONLY,,Classical.choice;Quot.sound;propext
RGFlow.theorem9_c2_negative,FOUNDATION_ONLY,,Classical.choice;Quot.sound;propext
RGFlow.theorem9_good_fit,FOUNDATION_ONLY,,Classical.choice;Quot.sound;propext
RGFlow.universal_physical_bound,SCIENTIFIC_AXIOM_DEPENDENT,RGFlow.Delta0;RGFlow.Delta0_at_gmax;RGFlow.Delta0_at_gmin;RGFlow.continuum_monotonic_in_g,Classical.choice;Quot.sound;RGFlow.Delta0;RGFlow.Delta0_at_gmax;RGFlow.Delta0_at_gmin;RGFlow.continuum_monotonic_in_g;propext
RGFlow.upper_bound_from_monotonicity,SCIENTIFIC_AXIOM_DEPENDENT,RGFlow.Delta0;RGFlow.continuum_monotonic_in_g,Classical.choice;Quot.sound;RGFlow.Delta0;RGFlow.continuum_monotonic_in_g;propext
RGFlow.validation10_perfect_fit,FOUNDATION_ONLY,,Classical.choice;Quot.sound;propext
RGFlow.validation10_positive,FOUNDATION_ONLY,,Classical.choice;Quot.sound;propext
RGFlow.validation2_complete,FOUNDATION_ONLY,,Classical.choice;Quot.sound;propext
RGFlow.validation2_extensive,FOUNDATION_ONLY,,Classical.choice;Quot.sound;propext
RGFlow.validation2_high_confidence,FOUNDATION_ONLY,,Classical.choice;Quot.sound;propext
RGFlow.validation4_complete,FOUNDATION_ONLY,,Classical.choice;Quot.sound;propext
RGFlow.validation4_extensive,FOUNDATION_ONLY,,Classical.choice;Quot.sound;propext
RGFlow.validation4_margin_positive,FOUNDATION_ONLY,,Classical.choice;Quot.sound;propext
RGFlow.validation5_complete,FOUNDATION_ONLY,,Classical.choice;Quot.sound;propext
RGFlow.validation5_extensive,FOUNDATION_ONLY,,Classical.choice;Quot.sound;propext
RGFlow.validation5_smooth_avg,FOUNDATION_ONLY,,Classical.choice;Quot.sound;propext
RGFlow.validation5_tight,FOUNDATION_ONLY,,Classical.choice;Quot.sound;propext
RGFlow.validation6_absurd_margin,FOUNDATION_ONLY,,Classical.choice;Quot.sound;propext
RGFlow.validation6_complete,FOUNDATION_ONLY,,Classical.choice;Quot.sound;propext
RGFlow.validation6_extensive,FOUNDATION_ONLY,,Classical.choice;Quot.sound;propext
RGFlow.validation6_massive_margin,FOUNDATION_ONLY,,Classical.choice;Quot.sound;propext
RGFlow.validation7_complete,FOUNDATION_ONLY,,Classical.choice;Quot.sound;propext
RGFlow.validation7_extensive,FOUNDATION_ONLY,,Classical.choice;Quot.sound;propext
RGFlow.validation7_safe,FOUNDATION_ONLY,,Classical.choice;Quot.sound;propext
RGFlow.validation9_c2_negative,FOUNDATION_ONLY,,Classical.choice;Quot.sound;propext
RGFlow.validation9_consistent_thm6,FOUNDATION_ONLY,,Classical.choice;Quot.sound;propext
RGFlow.validation9_good_fit,FOUNDATION_ONLY,,Classical.choice;Quot.sound;propext
RGFlow.validation9_small_jump,FOUNDATION_ONLY,,Classical.choice;Quot.sound;propext
